normLatitude,normLongitude
2.49816047538945,3.490808570098726
4.802857225639665,2.680481831720602
3.9279757672456204,1.5476380814316388
3.3946339367881464,4.068975098534743
1.624074561769746,3.4236558627693965
1.6239780813448106,0.8130846967244565
1.2323344486727978,4.554635922469212
4.46470458309974,4.112686214615845
3.404460046972835,4.74899956645962
3.832290311184182,3.6285975419418
1.0823379771832098,3.0670759796789495
4.879639408647977,2.0912151814530944
4.329770563201687,4.663642416770067
1.8493564427131046,4.330319447502042
1.7272998688284025,0.22609335053094703
1.7336180394137353,0.13183487248626002
2.216968971838151,1.8823168343902479
3.0990257265289514,4.052766653909164
2.727780074568463,4.936380646574722
2.1649165607921677,0.7520844555176409
3.447411578889518,2.9706535767606757
1.5579754426081673,1.9044542831551077
2.1685785941408726,4.8495719890730165
2.465447373174767,4.210594615678543
2.8242799368681437,4.1916435235556895
4.140703845572054,2.3434657989748513
1.798695128633439,2.074097511688326
3.0569377536544464,1.3670353596535312
3.36965827544817,0.2818774832546356
1.185801650879991,4.323611881275266
3.4301794076057535,4.064505045650388
1.6820964947491661,4.998588366430653
1.260206371941118,4.983184185369527
4.7955421490133325,2.7771585280131372
4.862528132298237,3.8449370759025525
4.233589392465845,4.72382864941214
2.2184550766934827,4.248236953387058
1.3906884560255355,1.2367405087159882
3.7369321060486276,2.2527206765504677
2.760609974958405,0.6457970757574749
1.4881529393791153,4.770255136293612
2.9807076404450807,3.0308731722544002
1.1375540844608736,1.1432140275173137
4.637281608315128,3.3585034220292838
2.0351199264000677,3.090641202289479
3.650089137415928,1.7908135901642024
2.246844304357644,0.5677879609981451
3.0802720847112433,3.357865977963998
3.1868411173731186,2.6015385045189667
1.7394178221021082,3.8615919586781966
4.878338511058234,2.600817505559967
4.100531293444458,4.2609075015927
4.757995766256757,2.759534193872428
4.579309401710596,2.8046898576769315
3.3915999152443406,4.383268013291725
4.687496940092467,2.0174143310619854
1.353970008207678,0.6700761422532037
1.7839314496765808,0.14391338156669486
1.1809091556421523,3.775686278368095
2.3013213230530574,3.1015477567673235
2.554709158757928,3.5203988404961177
2.0853961270955836,1.0648208075445535
4.314950036607717,0.6818573779338488
2.427013306774357,0.07272332833940964
2.123738038749523,1.7529377940329849
3.170784332632994,2.9495884342731653
1.5636968998990506,1.9612202254986615
4.208787923016159,2.1873746101186455
1.2982025747190833,4.520793472468742
4.947547746402069,1.7412773351165018
4.08897907718663,2.569947445799054
1.7948627261366896,3.9182650637057153
1.0220884684944096,1.9827139116063508
4.261845713819337,3.1104335011393673
3.8274293753904685,4.311818543733726
3.9160286721639492,4.747603118288211
4.0850813867437825,0.7353674046451897
1.2961786069363614,4.632938125807472
2.4338629141770904,2.460581465397691
1.4634762381005189,1.2912219414947916
4.4524137035023745,2.2956787811913064
3.4931925073102317,4.900162876427386
2.3235920994105967,2.463090469964348
1.2542334011440945,1.643758051437541
2.243929286862649,3.167004271583629
2.300733288106988,1.2007280938909655
3.9184247133522563,0.3793166405433196
3.5502298854208525,0.6443986095532461
4.548850970305306,0.6402291947888622
2.888859700647797,0.7595134675614718
1.4783769837532068,0.6941358632470507
3.85297914889198,3.2043737240160732
4.04314019446759,0.9094004219957241
3.245108790277985,1.728336416619316
4.083868719818244,4.483942049530059
2.975182385457563,2.3698082013143615
3.0909313175279762,3.3377886926051357
2.7101640734341985,0.8615993560081492
1.1016765069763808,0.9614450940433539
1.4315657079732178,0.20434308133239432
1.125716742746937,0.8446753153608227
3.5456416450551216,1.3929516951597931
2.2574239243053067,0.8850524213837341
3.034282764658811,0.44351266878527806
4.6302658957043725,0.603179355503004
1.9971689165954998,2.303893840163629
2.641531692142519,1.0316685920289625
4.022204554172195,1.8213493052403773
1.9151926619664899,2.5170863542742845
1.307919639315172,3.4519741431468267
2.159005811655072,0.19656069920549468
1.6448851490160177,3.997051994545213
4.718790609370292,3.139501947454539
4.232481518257668,0.40879515974435954
3.533615026041694,4.3678931205338865
4.485842360750871,4.604362002659066
4.214688307596457,0.30538979927431875
1.7462802355441434,1.3843882407360186
4.570235993959911,4.031006398965307
3.157368967662603,3.7412984519182917
4.229760620656251,0.9226050967818866
4.584365199693973,1.0467466166835515
2.2720138998874555,1.85236051395691
1.440207698110707,2.4226149259551066
1.9117406501677667,3.0912738576514798
2.7084311545050253,1.844568197848862
4.272059063689973,2.3126735806657397
4.442922333025374,3.7373546906687825
1.0278085221247628,0.1834160144529895
3.042989210310263,1.2621847217201037
2.669644012595116,3.566747929422762
1.888431241882921,4.476034188435997
1.4794614693347312,2.5583872105783305
2.350460685614512,2.6605674263265784
4.771638815650077,0.5358600566988803
2.292811728083021,2.237061834117273
3.0751624869734644,2.6630863322751157
3.8120758355807114,1.2123525181736483
2.454518409517176,1.3462161547469047
4.887128330883843,1.8864208155231132
4.849789179768445,0.10035598888863184
2.0071291833014566,1.6103958279158914
2.988994023569542,1.0572400349827231
2.2035132392670786,1.6374867608895731
2.1393619775098704,0.5988106590962561
1.1475477894181312,4.452636403699475
3.4382573359195874,2.9679622677702433
3.010716092915446,3.395511595722448
1.2059150049999574,3.9458561930366916
2.1145858569464457,2.492210994645286
4.633063543866615,0.43460144043711846
1.9582475626678897,2.685532709092739
1.5795794883648924,2.9342055901043955
2.957811041110252,3.72719737092165
4.942601816442403,2.158297731148397
1.9682210860460017,0.6379015139778188
3.688542189623514,1.4188795289936222
4.04647846131487,1.8154114819931755
1.9505501759695987,3.229586206658006
3.9128653944474383,2.8538915233445596
2.471132530877013,1.7804836294892312
3.529223322374318,4.932576243964898
3.534118843043579,3.0288740967844356
3.143098736299034,1.1861339586799724
1.3611590802176332,0.5089123631020187
4.341209982356952,0.7642956959216601
2.2831202598869433,1.2297886419225406
1.746074041599417,0.8034068662977784
1.1631005662190557,0.9328351202565288
3.3635717727529673,1.4254758434692354
3.7102574473691297,0.8668679764737741
1.0663513157114246,4.483827123132126
3.048372233197124,0.40116872830821104
1.9059831007917518,2.6225569478512734
3.5806911616377994,2.0519841349483077
1.6974657160199658,4.911893084543032
3.763750952409864,0.5601945108402617
2.5469413852021496,1.9892779952287083
4.746919954946938,4.847352166376845
1.550083776583973,4.327535629469901
2.364265404201034,4.0853603547464
1.4538940849623563,1.289514135224699
4.698774473114251,0.8544379369503291
4.509357413523924,3.343216099622155
2.0317665108606224,4.646879945637929
3.639936184136716,2.783814465069649
4.268888800804863,2.8580634473494992
3.2208032463978493,1.3998954683014209
3.118602313424026,3.8474646659596843
1.9674091636018067,0.9352187427876169
1.3724110712235968,1.6183961820212183
4.5888630318133075,2.127182193082084
4.601672228653322,2.538051893422275
3.5324058290930718,1.2120486620754012
2.3561191641948027,0.5741841236960177
2.3968382984506436,3.0531002122081627
3.9038227154809575,1.4431527662012789
4.588441039810308,2.9061911071130613
4.548345697060469,0.7718135763710116
4.1195021834304955,2.4057005092740873
3.568126584617151,2.6629471627579293
1.3365598599801953,0.25911768411213454
1.646514856378455,1.683021390969603
4.5942167541083165,0.6720733846948712
3.4257162386383597,0.3168748523638387
1.0367882064665186,4.949801161949726
1.4058861714641284,1.6117692248736148
3.6540070764322232,4.049372229273175
1.0202463353848747,1.2732032738188193
1.6432322056699946,3.4075136111196462
3.1949351574663445,3.8011392994484328
3.767580790770773,2.9781937030392216
3.607845038010402,2.357880942750792
1.8970772378422391,2.059204570736343
3.8487168853901434,1.7443413327149764
1.9489963499872003,4.64764572123913
2.301598792637071,4.153097038938646
3.9859656204720966,4.825134553332563
3.5985315961888587,0.6214861174277236
4.396893641976712,3.6543373760182214
3.6304515692013735,4.691702284105189
3.2732344133418865,0.9061653308283008
1.37469907131237,0.3324813368338875
2.470863212237734,3.7056032464502953
2.060809470726902,2.8723655658995595
1.9759585735163343,4.20914388379136
4.892042219009783,0.6988618831314475
2.5723908986670416,3.976336559299451
4.568186220708453,1.0081366002387226
3.5245545039890516,0.8182797143285225
4.179245214166594,0.8213289896549647
3.0105483724207684,4.07287360115691
3.3076155385054364,3.3259861034810005
2.9700707752754556,2.6153271238455966
1.780971951192178,1.7941524206175123
3.8898084610460213,4.386002704065541
2.123089449763423,1.962225537113177
1.0972638657258154,4.082997197357885
3.5818891836286713,2.195674542851092
1.7084427176281958,1.884722147124538
4.761834337411657,2.313398928348032
4.8157143080103495,1.5068893708207103
4.659457560881794,3.7380469008812556
2.4806348010217776,2.513601950462396
1.0618264661154697,1.1610634757340865
4.713274250350901,4.497872866372842
2.7127365932692573,1.9194561068660572
4.866619276174678,2.717764305569943
4.854479908357011,4.532360554822735
4.41203782186944,3.1211899795699605
2.1777955682783428,0.5844902035418204
2.540390914407701,4.699160618067376
4.404546686067428,3.138540265357089
2.2676880206251107,1.6745280732854306
1.67797098674437,0.6963603633169363
3.2272050498334006,3.9701259463514798
4.744619096643124,3.1003637796425676
3.784119186699892,2.6673054598816077
3.28024468035746,4.4694629152547884
1.3887059750830741,3.9429860561226535
3.460028906796679,0.7583743986637559
4.960215400417053,1.5586103389777413
1.5603360609460961,1.2424456990723287
3.073318609454947,3.719731462863385
4.509492287711822,0.1676621736788969
3.9630744710168178,2.8494484243565825
3.788062963981072,3.8122934287034527
3.809936335948437,4.383828183808747
2.4379646048790207,1.7104087435795372
2.1743673770579734,4.1062865233600645
4.2374446219140545,0.5531586847760361
4.240453578716723,4.232261458672591
4.468289274320415,0.6374433116599121
4.652962210225885,1.9864364528018363
3.045369595443751,3.986476828897768
3.0060651787487984,0.7495871367438689
4.193180715867101,1.1462569761632073
3.5998557231110606,3.611262841965331
3.8078675090308134,3.600182682730372
4.183170677744404,3.2057381644264864
4.560021367270265,3.4697422223355003
2.351980627406143,2.713622216737981
2.502331810559776,1.2589952945347638
1.375927759363476,1.7284799675195972
3.313120563984696,0.9079885840071283
1.1437690951869683,4.542252806668142
2.8623920725298406,2.916958973830602
3.1705785388303065,2.0042570838181994
2.1461650085131376,2.3100290182206633
3.363333042276043,4.7364166980590765
1.1220009997561977,0.766757015580401
1.1493927549968577,2.931149160083986
4.290402242638633,2.52944339442233
2.4407625656450516,3.0572711771732393
1.5082420506075391,0.09055091910420254
3.0889730402192175,4.360619544720757
4.079974212394443,4.660591412418062
1.8632841099873727,2.825665917946045
3.491561903276001,3.483254119384461
1.341389859975072,4.612496905886479
1.2067268846744308,3.536193171566993
3.125418526272592,0.7626952145713067
3.162540486440426,2.881441800834066
3.549719605992826,3.0335752319142797
3.904365334890646,2.12065335651193
4.903408317850138,3.6822211781236143
3.0652013932047812,4.671835073845074
2.291825891764984,4.627842564533882
4.180744779074814,2.2541968570206605
2.083329005048297,0.5661902292037763
2.7558856828225444,4.924205994811673
1.3138255253690638,4.194490432229671
1.10140297366183,0.6233134060163342
4.8505936587117,4.604209413086862
4.343920482048823,4.349481810310642
3.783896824374792,2.5941902856303605
2.6358117776570795,2.9563771787246464
1.693177280283383,1.9950135193506513
1.6257481706843442,0.27380819411015667
2.0009715926583813,1.6759862082295047
3.196906658824482,4.014267242990057
3.8583836908002493,0.023160115023014294
3.640789506870925,1.667495858455721
2.1197355877837714,1.9908434679547167
4.819461122652776,2.6869780146896143
3.951587666783074,4.599278082063803
3.2174162100456027,1.7317299718298063
3.446882984937409,1.7347660094811386
2.6784002497111596,3.6875062405487418
1.9909239580046298,2.2610897044490357
2.4238907146050463,1.1230241146999098
4.031384441857476,2.262197580663467
1.0575739545190235,0.7042851018989993
1.464290562027665,0.8819349325311165
1.184010568087011,2.4918388636973985
1.1629152092758805,2.0946272475227397
4.421842336044029,4.5742295053405
3.8146314375200947,1.8119694955831656
2.8966953163493008,2.9029417513902174
1.391336642604006,3.1613214395976517
2.9664635004673294,0.06547228294166818
2.8938870831222627,3.317686860083553
1.6928074796400607,0.8901798343487571
2.735406596951892,4.805351587347276
2.5940189375894938,0.7433136387655648
3.463400392208866,2.0731206186351185
3.540374603470575,0.4267483403932193
1.181216039088178,4.984371259229737
2.498450458505885,2.510975051656213
3.5034396628569455,2.976925086600219
3.012545034320351,0.3353823869421374
4.4259593647532895,3.749802351995889
3.63477452647578,1.0495279654779288
1.6517377083257188,4.490271447203568
1.2822749896017194,1.0256982024100358
3.5696771128252625,0.9534386033183329
1.1060452421664873,0.1827483392404744
3.343102325093853,2.360334725549996
4.76092096569983,2.824205666313082
3.301896711503516,0.32854319714176183
2.5526797048260876,3.877638083475053
3.5731528737694127,2.266444173740138
2.8330115619660665,2.6219513466379003
3.1824671572637397,2.2038137346911406
4.765859235106101,2.00381530437663
2.544410551203097,2.7982016565410897
4.844762255295657,0.7762012296535625
4.621402567824255,0.9096406524763556
1.7831645391571858,4.3089281050675865
1.2774452035006618,4.7305773106681634
1.4031120055097066,1.8665465813987647
1.072887302606199,1.353723365717769
1.3777718430237136,3.2199977161950786
3.7320270936654274,2.043670855490482
1.284754593840916,0.1269317783017243
2.275902521175045,0.7807629868309518
4.379501243877819,3.579861144236988
1.0930877429433035,3.294619709550757
4.257873930355743,0.13547996251741745
2.1274190990935997,1.109860809664747
1.472659310486625,1.155373982940357
3.7869486614566026,3.359463717993642
3.515771387119536,0.09855268877182077
4.509888054108211,0.5205429099228692
3.940284175215543,3.999580426865947
4.213923721539395,0.8927233102716681
2.128138290285226,3.2637305392593734
1.7097581751188913,1.1909139052336326
4.002459006563433,0.4972069637967258
4.2273389570690565,1.2158609549972703
4.962020568002693,3.6113346592782958
2.650470707645706,4.278482340531429
2.4880723431711327,4.151099322834958
4.105651842967987,1.9859176480922742
2.3632141610120714,3.3404256828532306
4.723029302414259,1.0249214770791049
4.433651007372047,1.4657386513050663
2.7159761095000734,4.4816790926055985
4.0034842711659895,0.06500961755368018
4.018171496338729,0.4275426542723404
1.4124954753437304,1.0394312757301365
4.610211626718266,0.13266101936909858
3.0210094897914286,0.9071771754489866
4.305829864430967,2.915207804848461
2.280198404122447,2.1071227529624896
4.582092913984802,4.4633585553848745
2.5568067149366525,4.087217808692205
1.0433506059211934,1.7090867584893799
4.621527905677055,1.2971171671564625
1.3651467071445342,1.8984620408363346
2.2772545503616595,2.9514747125740386
4.80024786820322,1.3403182041143813
4.802428587750224,3.12074453924567
3.2937515524931444,2.0470582609562022
3.527348848679197,2.7602359042599014
2.793782087913279,2.1806326456765834
2.172843086792258,1.4723287977095882
2.314658181479664,4.742266534810783
3.6900738243081537,3.818028970798804
4.00949811775072,0.7005658788322627
4.166316174903394,4.342339879489564
4.158472571178216,2.437155991247568
1.3648244121947615,4.472761134470457
2.977681218810326,3.999276279736576
1.2302350400665771,2.126067522346167
3.198115529294942,0.11234654160058699
2.766122005493508,1.3433867969247304
4.5508167310331995,2.7081710733043347
2.4036600502083147,3.1673910991307364
1.4682680657104235,1.2894384271660115
1.5719667282113434,0.6967803703641207
4.046042526869889,4.174651183996495
3.4728722532650442,4.92201090351776
1.404490704491161,2.628450911513429
1.3364272244599897,0.8583964292415175
3.80387652583648,1.3615366325968448
1.291052025456774,0.09195338273733367
4.287440237161425,4.571494032802495
3.824968908625985,0.5887554144507057
1.325395122567599,2.882582377571268
1.3393508563407677,1.37027610343603
4.946558314004702,2.770890012578967
2.4970831830244813,3.257101941759321
2.4825685882675637,4.1487090185360085
4.25119826903001,1.032106358803016
4.788994309535434,0.05497914329240239
4.944004255291484,0.6844281503440364
4.0135127410357665,4.500093209240525
2.505038342123663,4.369450387812576
1.334002866794675,2.9870655108515414
4.108587663709747,3.002584302168267
3.23361699894322,3.3251833727312774
2.696888036987905,0.876856393117248
4.625417540378944,4.572059729624799
1.4447899292246054,2.0938526244603657
2.9705004171634366,1.9156926412474873
1.0454145790696763,2.5945885264141877
2.874642567976505,0.23482983387527523
1.2252131027273494,0.831416843780397
1.4752716650722877,3.6901680821318523
1.4701049871084195,0.41399333962563234
3.5968412084642543,3.015760547331941
3.984179517061693,1.2267455484066048
3.3334750603886385,1.9464780702098827
4.848690193898168,1.4434686838534994
2.4994823180948162,1.7783635823247457
2.142848345127443,3.5952295259212272
4.474396512757841,1.4856085781158752
1.8943833540778106,2.832023201484486
4.852890157762445,2.3802520109954983
1.0486178987592654,3.3183558268132405
4.879515306830556,4.68414869662379
1.1726396478023045,3.6628604860512515
4.564572454792284,1.074701892953784
3.1108044363451994,0.15591567530642336
4.971859184477202,1.3113202214991255
1.2951862589415954,2.9753896535012743
3.215417137605283,0.25712906742125174
4.877210142476396,2.481831236006182
3.0923913766805953,2.984214244584446
3.51759455254105,1.6712194540848042
3.7829947559384687,3.8545610187291097
2.818164259071093,0.532991265668859
3.5102323203362538,0.3756889086790438
3.337257247692401,3.6409437810180165
4.604632041963956,2.4774565810309923
1.1817855213658315,3.44201198213868
2.1238527583689213,2.174136693018731
4.801645936306235,1.232010166195534
4.561055135563665,4.095511588370998
2.8226270111428517,3.997079394844896
3.480530391206147,3.473482354272134
2.1095247319245307,1.3607256861498134
1.7524846388950452,2.9511533343454355
2.8547936197599286,1.8048694847001339
2.4134089121042113,0.45791036663317075
3.3346244474034883,4.586567877311214
1.3109385478599394,0.684093154594807
4.897579230664666,4.751186769104012
4.9448429779184115,2.230028864789779
0.7629845422280033,0.950609769702033
0.9862777072955867,0.9202118472275619
0.9727458508776717,0.9203264239937481
0.8233406058566031,0.1415999262452467
0.8644617763154568,0.7591310908859938
0.35127370543892356,0.8047607967536905
0.8900030475836246,0.7185996661883944
0.18242534697493068,0.8761045235093058
0.2402240846388979,0.9260981795032905
0.5305194265244101,0.8437908333130475
0.5278094713269559,0.9406991356477489
0.6462255989862378,0.662503027220427
0.2973928885499778,0.38772492199252473
0.8663354115855268,0.7371747807103322
0.7834134684893943,0.4525009206109168
0.9004977753504366,0.8895686158738646
0.9850251513603006,0.4952513341327079
0.916619588495341,0.6598855065437884
0.6332803558853357,0.6216607965556356
0.372671205443829,0.5810054917261269
0.847089774325429,0.9961513415171847
0.7384156201841926,0.37835757986774393
0.49975440261329734,0.936567112330574
0.6747872930045417,0.7826534327819715
0.29032259785581427,0.6003002283910576
0.7386638230389793,0.7339603688938037
0.9506746649086173,0.9975417125889822
0.7467454408169024,0.9436871693911396
0.5342577428610034,0.7733588461051286
0.35791735313888545,0.7070217782653544
0.9497800030929076,0.8924334540454512
0.6791299837816537,0.9241823877243801
0.47157606723151957,0.46050545237325574
0.40409750340423434,0.7262629593101886
0.620317463832871,0.7960907263043571
0.7204574100359078,0.6112632278614836
0.8603968541998457,0.8406302866207687
0.9740287056160365,0.8442293317304456
0.41753475542916446,0.7709461163718171
0.9731168596685479,0.7999970708025516
0.4028655885895732,0.4759972824474215
0.5819728312059966,0.7168804550148642
0.8337250747484731,0.5767891772098307
0.9199264639206289,0.8603421853333489
0.338108327080628,0.9581684687937235
0.8851780569510936,0.5638279242116181
0.8590428887565531,0.7544961024425184
0.26192194727033824,0.935137560002498
0.13845743874559152,0.6209357571998428
0.1796429179360196,0.7985375474260559
0.9306793909154871,0.6308198143419212
0.6889782784399764,0.2663518972636118
0.28643900803149164,0.8488463487904087
0.8124191304223328,0.8004373993171325
0.4634009078772516,0.8928188490168445
0.46664452751282465,0.7600364531910618
0.7961662681674017,0.8114082941549162
0.4694287788307483,0.9588454219869308
0.5203982925976061,0.858284144736239
0.946965275481812,0.85869015348525
0.5141060697938221,0.6920144050218296
0.47725555681397897,0.15281410255323594
0.1121270767404257,0.7445770460363021
0.14102667927689277,0.4495440237059081
0.6415810750246158,0.40392886925148425
0.769610551416821,0.5892402539212327
0.8828478851541993,0.8656688910194066
0.17146151883438535,0.5386150603654818
0.7417659182590609,0.751254879229558
0.31110576623415587,0.8866473674302526
0.8028826686778442,0.8049332254054032
0.5860597817569858,0.4981783479418153
0.9887828509652781,0.7251209678214686
0.9672128518791285,0.3637137907746657
0.5517951548643714,0.8407686745532803
0.3700461087315475,0.47665656765273146
0.8132874078185008,0.19087830001053518
0.8213471911488187,0.9664884255987796
0.43163299170312197,0.5608980813622003
0.844174018062099,0.0827291598066391
0.8276970383667365,0.8773189083646779
0.7913331821102519,0.9970409380185854
0.36576980465122894,0.3765269869972525
0.5318743476576321,0.9882765420505158
0.4887979528309093,0.6788545232621938
0.3129742133144872,0.3768375526760887
0.2666950507268623,0.6594578133398992
0.6274183113193953,0.946827351295992
0.8809253310039526,0.9354280551824712
0.8898064741242135,0.9421985226182528
0.5017160000949246,0.8907519809100455
0.26120884181499043,0.8849969394127783
0.866730765808916,0.628858747775453
0.5248428733436432,0.6066030937629443
0.698369071377616,0.7544066612733764
0.4121727736358117,0.6947907467703679
0.6737803873527282,0.8386367755733035
0.9148444081266581,0.8555388224003827
0.09256628636402368,0.4488571782775094
0.8785716778433533,0.17174491310655499
0.9454265750139715,0.3164764064459817
0.45554903628030463,0.7591971628931844
0.8933277301589435,0.9194600520807522
0.6309413850313516,0.9219955471789693
0.8868333053834114,0.3698711945610227
0.8789530004422533,0.18221212777276316
0.5881416038290267,0.8670656450048708
0.3592419683503214,0.8229631495031845
0.9644173931156581,0.571068899161946
0.1691795238800357,0.7587206007322564
0.34689072041358726,0.7092624208181662
0.5878556262737088,0.3119798224480104
0.978972012707675,0.7364524321054029
0.5814847424718548,0.7687857777619752
0.7645187882971339,0.7214843225800218
0.9973127409308141,0.5154465954915312
0.8352055502409712,0.9471996807109353
0.8156649427385443,0.3905016169257506
0.8031820827857233,0.7768943021568283
0.6979641996493008,0.49468246934720483
0.7565526779739659,0.920480803571062
0.5730449712045727,0.4231453794432278
0.7698270525508714,0.42886659575934155
0.9202526371791906,0.6950443506773948
0.6706914741087523,0.21231571950693726
0.5668972395937714,0.6403585265330184
0.8124002488399443,0.8604858442579845
0.4208375606833751,0.95481595523457
0.4608523034279338,0.5598800023181342
0.967585357859813,0.9931715469605574
0.7125360609264023,0.8061749639209699
0.630973103537455,0.9975641712415846
0.2633205433078304,0.9318493462577462
0.5032626909227637,0.45908232632816354
0.37670600806860166,0.4638549532228218
0.8800959916545361,0.5316940960561576
0.7398012626562491,0.9249312311379139
0.9218700590173636,0.5484423087700209
0.6468148559078063,0.6434424824276694
0.8486952557952577,0.9296282532845388
0.9264593087258095,0.824044707902424
0.4676349784258586,0.6061981082273517
0.6170870415329389,0.5857082279940368
0.850176386248712,0.7889266461620277
0.7620036163155861,0.4335726385363663
0.7653309287336536,0.9619417927276983
0.9622991616044485,0.6935488652585224
0.9240603112866687,0.5949286357555841
0.5946627805510515,0.9979070087737442
0.6107190919194427,0.8533147806444503
0.4671176285583789,0.8873556004464693
0.7050189500621233,0.7257773238984971
0.572692780269568,0.8818183874637431
0.5935882073324683,0.8624363860847861
0.6284208803948658,0.43610528840038404
0.43453085784285417,0.502893282879378
0.7631670387048054,0.691520519734998
0.974496829624793,0.03603010658625704
0.7726263293643673,0.8873916819150067
0.8992083530205116,0.8126390968266151
0.5838743159650704,0.8319883430287796
0.9464470430355728,0.4264171379904201
0.7013477519089305,0.714463960976746
0.6325231208777924,0.943815433099029
0.654173084451999,0.7137655010607804
0.7827054741465103,0.6794063494199486
0.6658165314104687,0.7333617451150827
0.9509943515779287,0.2671834406308659
0.9922605089116765,0.9251017689101297
0.42257274374469134,0.8700501343740008
0.6822169274397333,0.6800946473860916
0.855201119745364,0.8776981890671428
0.6383266330567199,0.9393729920628785
0.6863101284494537,0.6213770420638388
0.26469827714582134,0.8250750243637267
0.5336058332019713,0.6182934563878277
0.9117615418003963,0.7994993619974499
0.9672924354040815,0.7121164347178078
0.8711913026702865,0.8845012932921249
0.9826988439062161,0.24909361839107177
0.9506816498788817,0.38582267514580443
0.1681531257783738,0.8800569437902129
0.34751710385297263,0.11505036528830366
0.308164060227853,0.5276513164108723
0.9684829998040573,0.6745906529384007
0.4348454179642157,0.7975198988282282
0.9429157642141832,0.6649454271815146
0.8594287284234574,0.2779717104752131
0.2896952371403085,0.8713154517763778
0.664594609172842,0.9473408431400864
0.36751019219652714,0.5647595440401642
0.7080392660484472,0.948365619821178
0.6104333455870363,0.6579893381935197
0.9523824007704242,0.9327925344411482
0.8375445386613792,0.9388930753719059
0.9737640768311323,0.6763733515031273
0.7263379184136182,0.518884795464094
0.7866487778383398,0.5343445466173119
0.8787270209091342,0.9830299457317764
0.7985090078640577,0.35148466307512155
0.8917646398112281,0.9777182667965814
0.9062732934507886,0.5949650612689499
0.39863654269821025,0.7291886615020882
0.9724653297425894,0.5986877332137369
0.16775100357477996,0.9415972416321688
0.8600685952237365,0.6102047437974476
0.3690077654984904,0.6723833725496234
0.39808572204873144,0.9598467150194464
0.0775826099332787,0.9794343146476452
0.1979977314521065,0.6423966311308317
0.9065149347583484,0.9457636492983915
0.5735188404971666,0.32731531174028605
0.5267733055020539,0.7811808129817864
0.7710441383112608,0.19506268218370282
0.9219864217270725,0.4357399595227264
0.37342761090692156,0.5054687347840726
0.983671201362853,0.6703347112070241
0.6129306770233652,0.40184735517126935
0.5699370975688878,0.7968280806079432
0.6694519429461383,0.934899369894561
0.7361185231898809,0.9296450252802897
0.7627875328378784,0.33692657832184225
0.6016632855356602,0.8193121235304919
0.8364827579212067,0.7011487173466064
0.6856479032022794,0.49013176621184296
0.32141262383348246,0.8974596814549994
0.6301504454486954,0.14466060527031888
0.9345342123874519,0.8365804896692175
0.4307771395188975,0.43693036045129274
0.8636510557024059,0.8816816488794453
0.6012597046313795,0.4732453053074213
0.24873147646195545,0.8954122705703107
0.9090855798956798,0.27683537542906694
0.7923860534739212,0.7867964603065986
0.24169373823087145,0.7541614820829529
0.8892879689142621,0.3582056200936651
0.7538143300631991,0.4432637381203461
0.11649483581424203,0.5673639359222326
0.6906319071871155,0.5824312296048096
0.5178678945084854,0.8430815884553837
0.7428826860454139,0.7238945151850693
0.9338041896462684,0.9647981558229102
0.3962532190244469,0.3046514815893248
0.6076711894264669,0.5342232131734613
0.18027665811296587,0.9885628078669743
0.8545422981670531,0.8944332309825583
0.785520243218647,0.8864256347032118
0.5612282051479262,0.2750214871474472
0.549746901209744,0.5812655595357575
0.2837055574214511,0.9508491945332933
0.43318870103123486,0.5277358878001782
0.9949685120110503,0.9036921174855838
0.33460365685854965,0.2963556207232313
0.9410926868397105,0.5695673761147944
0.5714950874162098,0.7556417973598734
0.9651293147119918,0.985303270577412
0.5299698862391435,0.9842397198494315
0.375116365462344,0.4981336915500607
0.7831705726455975,0.5294955336382647
0.4727775795696587,0.5253058650614637
0.46489982412772085,0.26974490487318087
0.2151967655627547,0.9825729418012864
0.5031100756921327,0.47153365372920325
0.4927565497439205,0.8139445657706226
0.4972186680648986,0.9385434499948592
0.3608727596993977,0.8138677570823362
0.9167631092409848,0.762215980970559
0.7003862618745447,0.66189283591061
0.7836807146969625,0.47037586684221866
0.8522360796068404,0.8325151110958391
0.873086916575721,0.6482360932463207
0.9641501247006333,0.742869193033995
0.8774472304562525,0.9336945621000297
0.6563907841363457,0.8876441958947643
0.33523279941912204,0.7287578126549563
0.4487297069540417,0.6112095638942914
0.6949388385254195,0.9877482988982331
0.17784015783843504,0.9794414306420467
0.8236255259233314,0.7414798797434645
0.6259097938755009,0.8388575499269073
0.8415465511275267,0.7866715639541111
0.8963449367118256,0.4845498477469564
0.6082886211904508,0.7486057971910537
0.8812050493534029,0.6405081614867639
0.8924382755634748,0.06914908860276449
0.454054097363791,0.6246988334510681
0.7349099319382482,0.9763433141295171
0.10776934281819611,0.9968731558415851
0.9970773452449864,0.9809680469594414
0.577677019456161,0.6443491567716748
0.9712291052181791,0.8657393881054677
0.878040961021579,0.7665504437552777
0.7061493211997599,0.8493569009732245
0.6636024048913802,0.6502466251616205
0.7563593126298934,0.6614396144634783
0.648291766982837,0.9762161491138714
0.8368408969146051,0.6643010922543925
0.967209518598724,0.8886507339151261
0.45569800789058124,0.23541002347017614
0.7175650471384554,0.966825953204193
0.5197811432417644,0.8782979482193659
0.8852874891756783,0.6985855080208623
0.7893978345312131,0.8955213126889717
0.7815223958951797,0.8496169078594129
0.7950055060446568,0.8931602285786239
0.5326209664099131,0.8615561028190011
0.6440131611430104,0.7848212625695669
0.7840874451870096,0.5411943739527231
0.45652054172935824,0.8849883477700394
0.9169117986121677,0.5753130367577494
0.671826463584389,0.7022681281097669
0.9633165187478006,0.7218141182168332
0.8443269547154217,0.6363065915370799
0.5749011229143637,0.8579227121008011
0.8100011659532051,0.43955538232387814
0.6775702645264522,0.6957958695739572
0.8246986381742032,0.4744724428383036
0.6125016921763613,0.6327336116618089
0.6813470548052213,0.28065802986569105
0.8279187732120958,0.9890245053474657
0.9561754016977858,0.6366286988874205
0.10359852033466865,0.6857104976063018
0.5117894623070143,0.31291813923412737
0.04000803300020255,0.7541534834055637
0.9012937938375712,0.8015978082534144
0.5305302186498514,0.40665731777030584
0.7774993609156597,0.617217873112591
0.9883995857866787,0.6886354746635759
0.5306840447913612,0.8780203017742848
0.6104312891181813,0.6778879829204628
0.976230126941634,0.48686365134218273
0.2918716244696604,0.8658318787846242
0.7005732243285127,0.6290943767334262
0.8934069294300437,0.9297319294994988
0.647798882852634,0.9800434497423078
0.5841175447094408,0.16492214198926583
0.8220495956863318,0.4542124338014166
0.9343279753800462,0.7968893239433552
0.8662306011836497,0.9605524396040817
0.6697391426151565,0.8007362296463755
0.6831155270735642,0.26142712731457146
0.9336017800703069,0.8441018693988853
0.8718742410990374,0.8732771009999332
0.4343777205595077,0.9786137235144333
0.31805804561191553,0.5371936589057961
0.3871550147218825,0.8028933658529303
0.404938784498624,0.5227063816102081
0.42144157170455276,0.7270791660250786
0.6765396594583306,0.633040564638299
0.7042555423297837,0.8142508091303425
0.6594427709825892,0.8972368273665451
0.8541342698537822,0.980724159661409
0.26458115324197606,0.8756425414070722
0.7458968853573363,0.48812076694803724
0.7795670385368922,0.9667191805490712
0.8923762241141368,0.9078879112511771
0.9926588314469974,0.6756040279996737
0.8618744925719205,0.9704159716920349
0.6872041539307225,0.6750433840191665
0.9971198598403298,0.8577616617704154
0.3048393464322412,0.9259507720197472
0.5325246663595204,0.3752905832850253
0.9287361122404681,0.41750544500952114
0.6412884502264353,0.8252094535537563
0.41948193096682507,0.48650930628624817
0.9771028293209387,0.21762190246547639
0.5218244565730235,0.4519621359859669
0.9319039498480777,0.7817192933192216
0.21137062913425106,0.6261589905117906
0.7953198883940139,0.7256353907862776
0.998465970678563,0.9295128522456745
0.6651996769273829,0.1608580189047424
0.8944454901790563,0.7775152405569659
0.5352618645584831,0.6197051098613242
0.46097361083517546,0.8485762668608215
0.9532701064227853,0.7870033599005253
0.9282856889853376,0.9367014982678309
0.3777995458412233,0.3418240401196986
0.7816550290775512,0.6373744656479093
0.6118135431186333,0.8566326613813865
0.778157818896629,0.8133651723819498
0.7909863872989948,0.3689252832338027
0.4050452380941803,0.26954779445148236
0.6689680692898761,0.6586088041385297
0.8528269547216591,0.8561719847261233
0.580519463542321,0.8223701197172087
0.3867039985253796,0.8678140906992922
0.5967729629200762,0.6972842553801973
0.6206076898037284,0.6237956949777521
0.6843299916700323,0.4973154022521741
0.5950413144125306,0.6240480283816519
0.2685279339982715,0.6519739452583416
0.8192972871423941,0.5172479706245606
0.9483594351390263,0.9141967429699437
0.6102276969428312,0.31255732692535665
0.5354416998734627,0.9462784201699689
0.26655800371464167,0.17446833182301327
0.8884841007034947,0.8673059217307517
0.831013425990477,0.9289844928049144
0.8579498619817365,0.3468624307375904
0.6197502465673684,0.7379019023484793
0.6203512296343007,0.7882353854946127
0.8894763770053016,0.234875624574492
0.9520314745255988,0.795453259114816
0.8954289816518196,0.9242157774486898
0.4317660984355177,0.790945549437092
0.34391146422726304,0.6308503848300201
0.8168021381863193,0.8893334592905282
0.7853093372320724,0.36249044162677624
0.698295515984014,0.5592054880825508
0.566079151544597,0.7610885750477907
0.6364970371211676,0.45372942522163856
0.7206530744868024,0.9340731576315338
0.4224065210581878,0.8660125746482151
0.5756942036257888,0.9206395745607397
0.1749337316614124,0.9801749525516935
0.9484411544698601,0.30381919391388323
0.884844953823648,0.23776018447750763
0.8773670803309909,0.7512075005370746
0.8580681536719345,0.5508877555333953
0.8790381712722294,0.7672291694061071
0.059805893472761815,0.8152631068623079
0.17854575039369053,0.4710710378113186
0.863218520201568,0.5019270151793308
0.670938012590412,0.22194995424608352
0.7780321409221754,0.9592436048742379
0.7733351959867504,0.8554308932407104
0.28684676665630365,0.6169033172193291
0.7601779125062541,0.7528499898829469
0.2089203650497663,0.36092556284283156
0.8607857060702366,0.15580874582902088
0.8278626293692256,0.5872112321563712
0.6819545740457719,0.6700225256243798
0.8534851375190592,0.35734153040111594
0.34385077672243847,0.8299086820254188
0.35297671481302295,0.7187069262970214
0.5733998673933164,0.6706128863564205
0.842048954222938,0.8132076086764053
0.8828265741798335,0.9810462284117719
0.5722714286468948,0.6652511535434225
0.29589006161088643,0.9416313575257932
0.916792819902706,0.9910539750021738
0.9372558155079876,0.7137426073508494
0.6329891837746733,0.8105416305526139
0.996342113092537,0.05150653633568141
0.8898090740958486,0.7918493021706929
0.712425061626306,0.3214215889620385
0.6398192607426673,0.9102618828384765
0.5572229357447438,0.9882253171262942
0.6105499207506659,0.9772456228438806
0.8781710120540894,0.4665949476643484
0.9011508477093602,0.8787656914756455
0.6326848451284834,0.6991130644782231
0.7380486346693861,0.5319473317499105
0.6431098707253348,0.8452510719133767
0.3163676794684914,0.6989084551693051
0.24158288452562135,0.9554691067306317
0.09554539902720265,0.6859976809379095
0.9791240112880683,0.9689823923550738
0.9805643298210931,0.2960288807321827
0.5599338608760288,0.5102372203679948
0.8985926605301803,0.9520710038739515
0.5671020491562362,0.2536704211338224
0.7377147781454954,0.93116089088834
0.9803278011701745,0.534001054167693
0.32769843874969184,0.5573619339428041
0.6922455812482353,0.9913318210156887
0.8000932190229797,0.5896087961959278
0.7868829685480994,0.4574467999188539
0.938857407504753,0.8652779982100695
0.73154813174089,0.895974484816002
0.7726706306207272,0.9699741153784935
0.9350024666883846,0.6274040044738296
0.8451597977033329,0.944688120100729
0.9005356317665473,0.7412814359808166
0.13578005792370199,0.2946953625276586
0.4442914148727566,0.16663265482938186
0.45215769062846917,0.07095811094712293
0.8312265621661409,0.4602376773662802
0.14884796609227785,0.7808535551920421
0.6010508321479981,0.7293247763075524
0.5932050202365785,0.40180393328448705
0.5506227165920329,0.16671119980154894
0.4793372532244908,0.7816295182670285
0.7276713307636763,0.946715946843583
0.5865990723422695,0.8221854126988942
0.3983015245355667,0.8653451643501695
0.9685062011485676,0.1547324992967362
0.8030779547774214,0.9240873398107835
0.9480400136462962,0.9598355363326817
0.9612019973566519,0.919704983624844
0.8221381228555084,0.7354224026314453
0.5891564303859447,0.8491067585574832
0.22617907349707508,0.5910085676973255
0.7714719607673419,0.5253202050147668
0.9374654064866431,0.41479368353217233
0.8023430418516123,0.38297699684900977
0.8736864657288763,0.8436451312659232
0.8605639669677108,0.8704163665879613
0.5340906942440716,0.9669468557820163
0.3521000618132856,0.20124946453794373
0.9467959716203842,0.9484809778723383
0.9433830790351417,0.5826675540220888
0.966270848924524,0.9516438103217809
0.7109942243269622,0.9087107810515672
0.7272971401340994,0.8018064864354452
0.4774554017134422,0.2292356930199129
0.6931547152089174,0.965963114869136
0.11182921250629681,0.6342840795900591
0.9358396111175258,0.45211934890552075
0.2844998741969066,0.7253461905424043
0.4654188867621154,0.4498332104221617
0.9715421507528708,0.10363442241654515
0.7719526152865854,0.8566030623556585
0.771830001504086,0.9858391731005799
0.7844020379057824,0.19189950658559557
0.39538659659565606,0.8509013228860939
0.9408483954378288,0.9575785405815032
0.8593973431053754,0.9612775214038469
0.18116581603494328,0.5176127261491485
0.6876591114757317,0.955826770012796
0.47855181059181395,0.40401750152838767
0.5071059656781366,0.7446996072583522
0.42072152617685676,0.8231855032042384
0.6768899580783727,0.49412214629834256
0.9548436842303437,0.4495783243534447
0.5937504168780605,0.6649153828833203
0.6938481762327017,0.8040671684536878
0.9655190186790291,0.6833531423272728
0.7304901430381908,0.9720452609521668
0.22004022971344334,0.6739820007133993
0.14998753698826126,0.724914718935157
0.5525560375145557,0.7852442595856773
0.7877743806120114,0.9131426260917016
0.9108729447463675,0.7960914991064695
0.976600424881598,0.7824343504864272
0.5126957438680158,0.8006563684974821
0.30619665220472175,0.623941753642072
0.20249335500261403,0.07352365594447115
0.8169930423951661,0.36294040697119717
0.8578252310746985,0.7297452736531898
0.3091988874118089,0.9846975054421743
0.9347909230842125,0.38566368353831737
0.9228042088852548,0.6245041638397288
0.782328205971801,0.4235479124058045
0.6377972478816603,0.8993557302224322
0.4701168842235715,0.7307386677767193
0.6670588982847188,0.4676075148184425
0.3091330651119246,0.8586910885100199
0.9866037250674907,0.9554209720670618
0.665214094543329,0.8219170613228286
0.9178561186967931,0.6909385810975255
0.5312367748826871,0.49812794314256637
0.9416547063824035,0.8743206757462211
0.6747993866758355,0.8359610317200157
0.9428161941286755,0.632501008480745
0.8416470334866974,0.8432128281205468
0.9407803879869566,0.8994956891742092
0.849789502127004,0.9925669163734407
0.48498807322721477,0.5754987568475145
0.6815635316582466,0.9624940303048397
0.761371051804923,0.8182126968878829
0.2852147333388436,0.949721249413372
0.4341331226615165,0.9658555095427244
0.8501361932139844,0.48034882782088195
0.930510617023114,0.7329507764179554
0.13316599778120408,0.9402665831984539
0.8829965711288832,0.7593088874703334
0.8758177488713051,0.660722346197555
0.7832846414590953,0.4954125911469755
0.9653753584986543,0.7096087195136969
0.9190851980288813,0.8061534343825527
0.7399137755131807,0.6250734937410144
0.6228566859158922,0.24394970536873245
0.2854890461165446,0.4719624623447695
0.3789087669672711,0.5936620658958138
0.8523039650291411,0.976959122091802
0.6368979255732532,0.7079532284314803
0.9556377215069082,0.4286919024147638
0.5707866696359256,0.5108692991200154
0.5538129889958271,0.45112811602459985
0.5066083524879692,0.8721882197167705
0.7042023025871768,0.41419696922086463
0.7951609471659044,0.9909986030938854
0.8079599575468542,0.8346346192300483
0.8395658552310711,0.985115196861175
0.29601361326282705,0.6782320482981165
0.6440426351340962,0.7392621053650383
0.23457756310119082,0.04816986262268075
0.2824529115566042,0.9050427615328698
0.5259566246982255,0.6211581192739112
0.7881697840086319,0.746185269911971
0.5962164245101119,0.5168960239329529
0.06889518855314478,0.9259323906271073
0.6977495443546993,0.5025918699351919
0.7778950841620221,0.6997666294578182
0.8578491795998768,0.46659843725446815
0.757555818541301,0.904440839035568
0.7348369158826714,0.8162556699591074
0.8642054487335855,0.7388841990309237
0.15725835371434857,0.9544412083560551
0.6842237614241213,0.8628743227157724
0.8504194828939771,0.1837944824583809
0.6938380821199991,0.4790327980830279
0.7591632863711223,0.9768564426726313
0.28275031795790906,0.7593936463375482
0.38686532380041355,0.8040314508161832
0.9007624930428919,0.926530412526315
0.37538767615067814,0.4605509757986557
0.7863834592090205,0.47704954782146197
0.8956330519171093,0.2942031347649256
0.310116228465961,0.5333495915491508
0.9173961358748985,0.3065762681732605
0.8894526683372381,0.5980861554929082
0.9295355326743472,0.8985119684122548
0.9300353637980223,0.7490136914957446
0.43381394774037724,0.3501729790523118
0.3160334003112906,0.7515273274107703
0.6288963664185797,0.7524016054868763
0.9961727431528107,0.6697691489641778
0.48847702040598373,0.30570286073779207
0.9300787771313002,0.9129602143194411
0.9537194308318346,0.6797532254218231
0.6639679317550913,0.8569360403943366
0.8953027023844786,0.7497652574941847
0.8637796236750818,0.5377159581345425
0.6290013000743739,0.8884629409042996
0.8518498425738302,0.7123911194014376
0.8250093776292968,0.707531871074056
0.8217041616133528,0.7949023593282205
0.8720425964345798,0.8980303975545498
0.473480722898275,0.7396661661041802
0.5766766105902578,0.54852841539343
0.5992869232814243,0.8337287416107078
0.6341191465053785,0.5283862371421586
0.4368046610439284,0.7897757717982699
0.5367835537342163,0.9790812974042581
0.6946471537763537,0.686769732261329
0.8804083312987572,0.7993020271032294
0.8572021948129986,0.5854287702721992
0.34707356982067245,0.9052371347448602
0.7346749865851,0.909784456152149
0.3569763609692112,0.7883609098602546
0.18513947621683088,0.1091895246439929
0.7516159663244988,0.2709108841325412
0.8371558559249848,0.8600614945007935
0.7751180595025157,0.8682858571238363
0.6593445469187955,0.8530945860037998
0.6698894438950711,0.5285800923221032
0.08805409462935089,0.2174239516504385
0.8406820748878292,0.0134869373567621
0.7785732512449368,0.2660242500562642
0.4138148012652794,0.21820995506038765
0.741041605976564,0.4898318672654443
0.834744536282131,0.8442405055649416
0.5573429099444375,0.7730027027422398
0.9517111243443368,0.8700385808463601
0.8705517155226802,0.6856698702454517
0.7036787963481711,0.7075590171639307
0.9497806476747171,0.6338338447934927
0.8131568068832976,0.570130919911191
0.9409497702162265,0.4521991475855586
0.13714612549525496,0.3229592138346309
0.47179077423280774,0.8324215847119155
0.9674698738381203,0.24778281149673678
0.05644086459832791,0.5878772103797051
0.9274663180248446,0.5761680179986178
0.5719489857567233,0.7971476790198581
0.7244936958016688,0.7285259148861956
0.30362788065169377,0.5043880828218787
0.9220748882953461,0.9754001891256382
0.6053908824628326,0.8999478951037688
0.90464042152272,0.88014623316702
0.9677480834032423,0.6316645097372374
0.838006976576109,0.3187606326484011
0.7636398211244563,0.20131212697494943
0.9006613316146844,0.9013413462780425
0.9973105017319837,0.3001777575259802
0.9782587651010354,0.260396139433878
0.19442127575267162,0.997023213355663
0.47899030080992716,0.8300940267196055
0.6221443337686874,0.7130200456572287
0.6225288464541976,0.9239396778369097
0.9489609123352337,0.7799195153710505
0.7639246989766922,0.7668139542156375
0.6018338259267988,0.7001188152139596
0.6883274117859274,0.6990056884134374
0.7915414965319285,0.7638596970583174
0.7967444009633691,0.9133757471050276
0.8882087564849888,0.175995548191292
0.9327759856843246,0.9877603765995115
0.13738410638116763,0.7061782892821011
0.6399979755092247,0.49137529671115326
0.8614773491660399,0.9738433872446977
0.31022298080372346,0.7921709878442852
0.877242489631797,0.7593073699305146
0.5518005463583986,0.9165634375888169
0.6165314166028699,0.6830159385727532
0.8409997466859799,0.8727258296665318
0.6761911875290354,0.9789423952876157
0.9161283272064351,0.33055722776061974
0.8918280464011269,0.9217088285488336
0.9695862623355238,0.5775675841057615
0.7967744145141008,0.5174543337590368
0.36982300505291166,0.5531004352650045
0.4613512445515995,0.4281411481645536
0.3007900996438626,0.6485264279745204
0.5951202832164397,0.5124350473573633
0.7905549882984557,0.9627692542539085
0.9970608025248353,0.6046320529110911
0.8280785876721295,0.8564709604386292
0.9947592822595409,0.45119138016275656
0.9382886036632893,0.5867502040339314
0.5017140081553428,0.732250069376064
0.38467096713197146,0.602239163488654
0.8735021975835102,0.9215030527798843
0.304500526703564,0.37274224461669797
0.17098719726641415,0.9058257474140986
0.8870053886738363,0.41550033801641806
0.9818367611686911,0.35528741467607666
0.4568379232643576,0.8304866454027363
0.626135797483861,0.8729708390439197
0.8453116334058899,0.9598267453063825
0.693711917450856,0.25893674525506605
0.35198518831584646,0.8015940569604169
0.6121484008339501,0.6917641569568216
0.6929258528078203,0.9806641466744482
0.5614739615302643,0.7856393458722635
0.5820209399499958,0.670961618275465
0.2915162109110574,0.6014248505200839
0.625352755983715,0.7632248227511413
0.5274356455705357,0.4162019550330253
0.7202519902308222,0.7111853670661944
0.5365831859191884,0.9502383341960849
0.7798285876668992,0.7503027604053557
0.3266342494952336,0.7709045994952463
0.8430095036154429,0.2843289458966157
0.6146201064883997,0.4191972838858896
0.9515652523352904,0.33092277108005774
0.32838537937330897,0.9547761253100124
0.45715564934413233,0.8709804417738355
0.6085037409927573,0.3531347990018441
0.5681563327179403,0.8877522889246431
0.27514787777996635,0.7965896627769153
0.8307750493253663,0.5307457593114533
0.3841328966314485,0.7067240509409091
0.8275832046266816,0.8816886284994849
0.8835242746124204,0.5662671466031819
0.8243615453078283,0.7581733903648269
0.49784594138972943,0.684178957438703
0.6362119768627703,0.9857877633439572
0.6950714158249273,0.903824779258097
0.9995926939311411,0.4767798525932296
0.7286777656582095,0.8375329100762927
0.5993423397423736,0.9736383694134978
0.7841141496039982,0.47528225821089937
0.8235134448439532,0.7288848555680291
0.5051042374815832,0.9166564881414728
0.30013205241312635,0.4853766636053936
0.8994532601116292,0.5423059541557602
0.9809908459087517,0.1841605427669471
0.9862059175302834,0.6285751885206473
0.2946029485809778,0.9571534957226374
0.8620124365290145,0.5918516522703866
0.7217752034307091,0.49232277030549637
0.6432230484001432,0.738252180866213
0.6672722317121889,0.45402772864882635
0.4825027609558788,0.4115937649318078
0.6261753670694894,0.6473136564428468
0.7415973503964334,0.6183737320201124
0.7583884460954302,0.9779864931294778
0.9854570811827469,0.9516387755571651
0.8603251216381975,0.33917529412510267
0.3928617361865361,0.8155724790626105
0.7927066553778318,0.7815053717558317
0.8137391643682318,0.35498745782500685
0.7937083108701082,0.7918435505879602
0.5584071464057127,0.27596464637122475
0.6731294067672762,0.8781770687692443
0.19760523832266716,0.7298376621823437
0.9065460974308466,0.5192372610888023
0.8227222028959321,0.09586162582655351
0.5602382693641853,0.5309054157241099
0.5825081130346917,0.5636368653016974
0.6664245120905029,0.5186682856811989
0.9997932085066761,0.9200875820426101
0.988588077540483,0.7948558732364538
0.6383612206926677,0.7162757892546199
0.17852307598266143,0.8459411829733072
0.6550119161764586,0.20366331543847702
0.981430853475109,0.7893312137612761
0.8516032749096069,0.6817143955968151
0.9701939080025846,0.6616350727621805
0.4781004995598171,0.5306665838694443
0.5098745551004621,0.4214934041246574
0.7720896403479937,0.5734682555865726
0.8698059339741452,0.5238812954071959
0.5256855421757767,0.5143925091443626
0.8913108906178387,0.5974698546458144
0.6815633484187006,0.7811733813274893
0.4983470243506704,0.32104875723243675
0.736114133187395,0.9356698658150395
0.8889535164885161,0.6896634214644816
0.6429441609984795,0.5750081157780781
0.9404442322680067,0.3143517545938441
0.9619389476421533,0.12163463031619967
0.915283106958293,0.8476935004967707
0.7083815285966605,0.49850011969555186
0.9209948934628586,0.629390037135065
0.979784990380152,0.5709240508750874
0.6816775273262182,0.33498636137965704
0.8090591687082922,0.5858664652870951
0.36285316108140603,0.6130223690380805
0.6437471199185365,0.37071313904640574
0.7282185196296467,0.9939618302529929
0.5926283791744943,0.7338464735504151
0.11320984468318898,0.9827772708274134
0.4407696667046514,0.7264294504777541
0.5960388130243104,0.5155975806833301
0.17032502336093425,0.5456031347593967
0.015439719807927391,0.8446213997446613
0.8494107885754432,0.9674697603798345
0.3844441959540262,0.7064956721121989
0.49281852684352817,0.3137087742923437
0.726699184546364,0.5306603462800346
0.5621267490443108,0.4691092756529888
0.949472626490433,0.533607402432661
0.7241101607318245,0.9635306982202674
0.571781451765222,0.9861505964803193
0.8177894918490084,0.8563073353700164
0.6352458585219944,0.9320277775086868
0.6371214160599588,0.38146403527109296
0.7200237585088733,0.9897881604571456
0.9399697959238196,0.7466698342029934
0.9381882386777978,0.8318480218813313
0.1935071476253051,0.3353227510542593
0.8414014418811443,0.14406300145157747
0.7138333021012192,0.683626790179097
0.6030498554442313,0.7918193555011055
0.73550116783436,0.9861459360542477
0.9507053639741265,0.8015036830932272
0.28762133510512833,0.8962467902829
0.6944583868830793,0.6610571218442501
0.5500552962911235,0.6233551900682985
0.7625874929795314,0.36168471667800567
0.35851146096976405,0.6979542379448643
0.9703242634160724,0.9939234479403862
0.9765799713239316,0.7511610329963259
0.8243918667911736,0.5514646629534335
0.9891642749494177,0.6509430525818796
0.8869264140324571,0.980633666689422
0.9070195365884928,0.8158350361322808
0.7796991575069132,0.7812001401427788
0.6273148220416707,0.5780702243075599
0.8731406481709663,0.4713665534134406
0.6500916788763358,0.8985884784866532
0.703249185142638,0.7281888728101116
0.7431753876620569,0.9886015820648161
0.49000280460445717,0.9714038350059025
0.704806445240176,0.7262114141377943
0.9207029637972635,0.7436672761191573
0.8103873633833961,0.7731851474190216
0.6638761528203985,0.5443534676534625
0.5420487244006106,0.23319895484926048
0.11990456945655359,0.9695555559751785
0.6702455178223862,0.7958079375438007
0.1876680785978047,0.8847693735329707
0.6321128850832597,0.4781596212220247
0.6921899970423411,0.7727010433240069
0.7946379732225275,0.8021980841715173
0.347237644419133,0.991069505270945
0.7455688077657227,0.10966254786520042
0.8554805680982692,0.9955667745032796
0.7286654476128737,0.12691768189891617
0.4550710270447287,0.5251502948113276
0.8998250303745631,0.8822786859840358
0.7167999643707219,0.3260475443188128
0.6998585423702907,0.20512408218248634
0.15325101103129857,0.7706850470084323
0.772522701388973,0.7605259226401828
0.853337254018327,0.8029325380233137
0.796665743083359,0.6174547661071721
0.6373603028976318,0.780078182334874
0.9543270545718215,0.6716715344712592
0.7559369156401387,0.6175170122730951
0.6404536295886949,0.8362001664388955
0.6076829527945582,0.6361774798203789
0.6723535570072896,0.39233674854740974
0.7911323211202096,0.7513558742445884
0.7265913549632855,0.9047770381242005
0.6245992731669595,0.8831340127953291
0.6862159172758339,0.9530246507906778
0.2222145874901085,0.9356965922607245
0.9926150299696223,0.23829834201870947
0.9744450103351332,0.5902551848816459
0.43944251615567315,0.9898182800957982
0.9531869020060418,0.6251817139039709
0.884903396570172,0.9806798429106007
0.2664229827872744,0.6637944627888833
0.8625835116905178,0.9369833434714101
0.8548028233621354,0.8426479272951591
0.6841657914602501,0.7465283073916164
0.9492748625948133,0.9524286084691739
0.9470969419803761,0.8355791268272116
0.7456623209784529,0.603540754911448
0.98165803335018,0.9087569604868314
0.35826071559402783,0.7619221397689483
0.8075315722117359,0.6004106439339654
0.6233160410746554,0.9283086366466413
0.9912790271571922,0.8298056030785493
0.551259972034727,0.8528614401424848
0.9485309257077132,0.8338119820867046
0.9217190326793084,0.21239985421727106
0.37084590286810604,0.7709313258701227
0.7297047185789575,0.7206631611990827
0.595360502400218,0.5494565457346648
0.6187853190035383,0.8702497812295599
0.922498305671601,0.48677400482710065
0.8990975200609154,0.792290137670308
0.9367413509668225,0.9341074161933988
0.35355838863987027,0.4936770262410809
0.8299301774906499,0.922848131502155
0.6807255838988729,0.8198898985159354
0.8433553675774068,0.9823998949733784
0.6538658904666591,0.6121157325359713
0.8921922355231368,0.5114861269864868
0.9449228523202073,0.7965436192284474
0.868089825515479,0.9229176107093432
0.8082350058804342,0.6915158145565448
0.8717323274358912,0.8955081070654247
0.8659382521697918,0.46511718165639343
0.44271397862170275,0.2954032901763369
0.9164417253121407,0.8953217070349612
0.7895058457454797,0.9812050936952685
0.6271919359157366,0.7844619176767315
0.9493992508171482,0.928702203495657
0.7173259337413433,0.9368352525361183
0.2933323288119225,0.25770492901529274
0.5305687626924082,0.610571973647619
0.9183204895801527,0.8361345133760334
0.5180171178213282,0.810257302999835
0.18693770325364115,0.7396350433552747
0.10464628322655115,0.6012817405040607
0.974093218438606,0.4876010754402658
0.680254333836216,0.8363170206462712
0.6876629204335297,0.7711707671054947
0.7468717507221807,0.8167606005991834
0.3983383252238567,0.7398403558923664
0.7196723400554038,0.4314627950762581
0.3163134872337303,0.42700315591602717
0.9453037994055363,0.8500813284837017
0.9430479073044185,0.3865510083028764
0.186869666417174,0.9827674885949259
0.8429722325676267,0.47454054466912604
0.42801070406096936,0.7351146523490806
0.16050118258999915,0.878418202125043
0.8669107045287084,0.8646734233276101
0.5567054577857705,0.8584102988774863
0.9973869165574285,0.29645673853823157
0.8662944770353401,0.415352934497686
0.2894624256276199,0.9878922866099686
0.5205002118672392,0.5705533998111643
0.7215267044299678,0.369281645873898
0.5899394199742557,0.15329217763164987
0.864807557178008,0.7418493591056061
0.6078964611009146,0.5626181116057325
0.2758574848624508,0.875753657449338
0.8873946493084693,0.6138968987286526
0.9563533345339077,0.917614429516264
0.37144714628142433,0.8839956875134658
0.33688637753805256,0.9458984358235664
0.7609238095332265,0.7656658822201986
0.1889230970536265,0.4583482192263467
0.6182060389639926,0.13034277820447668
0.7880873886452547,0.5925272646498074
0.4482450605129366,0.9560271249143648
0.9851489895057045,0.6629464776199661
0.6299031512614042,0.3836647941974092
0.9681250427952565,0.5434859754420565
0.8355709133267346,0.9939492399853983
0.8861885362845123,0.34651050629177377
0.8372954005933835,0.9475085171960086
0.699154386312072,0.9084640147524251
0.6665559423807771,0.8166836755107679
0.6558602925194202,0.5689957257599736
0.9066257404361162,0.6837853223057417
0.5882482751059647,0.9081890539284215
0.5018750239480557,0.41604952631534303
0.7128576601975996,0.7994861967405041
0.5320654155640476,0.9394761466447938
0.9354754460022592,0.9957091124139328
0.7269517043370076,0.5996018960113361
0.03427446493092264,0.42779275727387467
0.8830251785070488,0.5585030769980592
0.6937090112862754,0.7365146819327707
0.6748888550368951,0.6834122359607997
0.8138068756100754,0.6101037259575453
0.9710313962677602,0.9431965208169864
0.258947403808381,0.601913732622649
0.9863748827074498,0.6783175216522493
